Unnamed: 0,property_type,price,location,city,baths,purpose,bedrooms,Area_in_Marla
0,Flat,10000000,G-10,Islamabad,2,For Sale,2,4.0
1,Flat,6900000,E-11,Islamabad,3,For Sale,3,5.6
2,House,16500000,G-15,Islamabad,6,For Sale,5,8.0
3,House,43500000,Bani Gala,Islamabad,4,For Sale,4,40.0
4,House,7000000,DHA Defence,Islamabad,3,For Sale,3,8.0
7,Flat,7800000,E-11,Islamabad,2,For Sale,2,6.2
9,Penthouse,40000000,F-11,Islamabad,5,For Sale,5,20.0
10,Flat,35000000,Diplomatic Enclave,Islamabad,3,For Sale,3,7.1
13,Flat,13500000,DHA Defence,Islamabad,5,For Sale,3,10.0
14,Flat,3600000,E-11,Islamabad,1,For Sale,1,3.1
15,Flat,5000000,E-11,Islamabad,2,For Sale,2,4.0
16,House,19000000,DHA Defence,Islamabad,3,For Sale,3,10.0
18,House,26900000,B-17,Islamabad,6,For Sale,6,20.0
21,House,4500000,Bhara kahu,Islamabad,3,For Sale,3,5.0
24,House,4500000,Garden Town,Islamabad,4,For Sale,4,4.7
25,House,6800000,Koral Town,Islamabad,4,For Sale,4,4.0
26,House,20000000,Soan Garden,Islamabad,5,For Sale,6,12.0
27,Flat,19400000,Blue Area,Islamabad,1,For Sale,1,4.3
29,Flat,8000000,G-11,Islamabad,2,For Sale,2,6.7
30,Flat,6300000,E-11,Islamabad,3,For Sale,3,5.3
32,House,4500000,Ghauri Town,Islamabad,3,For Sale,2,5.0
33,House,12500000,I-16,Islamabad,5,For Sale,6,8.0
35,House,110000,DHA Defence,Islamabad,5,For Rent,5,20.0
36,House,600000,F-7,Islamabad,6,For Rent,6,40.0
37,Lower Portion,33000,G-15,Islamabad,2,For Rent,2,8.0
38,House,45000,Pakistan Town,Islamabad,5,For Rent,3,24.0
40,House,175000,F-7,Islamabad,4,For Rent,4,13.3
41,Lower Portion,17000,Islamabad Expressway,Islamabad,2,For Rent,2,5.0
44,Lower Portion,200000,F-6,Islamabad,3,For Rent,3,16.0
46,Lower Portion,60000,G-8,Islamabad,2,For Rent,2,9.3
48,House,40000000,Multan Road,Lahore,5,For Sale,5,20.0
51,House,21000000,Allama Iqbal Town,Lahore,5,For Sale,6,11.0
53,House,16500000,Military Accounts Housing Society,Lahore,7,For Sale,6,8.0
57,House,13500000,Eden,Lahore,4,For Sale,4,7.5
61,House,23500000,Askari,Lahore,4,For Sale,4,10.0
62,House,22500000,Bedian Road,Lahore,4,For Sale,4,20.0
64,House,39500000,Gulberg,Lahore,6,For Sale,6,10.0
65,House,27500000,Askari,Lahore,5,For Sale,4,12.0
66,House,40000000,Chaman Park,Lahore,3,For Sale,6,11.0
68,House,3200000,Chungi Amar Sadhu,Lahore,2,For Sale,3,3.0
69,House,21200000,Askari,Lahore,4,For Sale,3,10.0
70,House,23000000,Askari,Lahore,5,For Sale,4,10.0
71,House,21500000,Askari,Lahore,5,For Sale,4,10.0
72,House,21500000,Askari,Lahore,5,For Sale,4,10.0
73,House,40000000,Askari,Lahore,6,For Sale,5,20.0
74,House,26000000,Askari,Lahore,5,For Sale,4,10.0
75,House,21000000,Askari,Lahore,4,For Sale,4,10.0
76,House,23000000,Askari,Lahore,5,For Sale,4,10.0
77,House,23000000,Askari,Lahore,6,For Sale,5,10.0
80,House,5500000,Karim Park,Lahore,3,For Sale,3,2.5
82,House,12000000,Cantt,Lahore,6,For Sale,6,8.0
87,House,12000000,Al-Raheem Garden,Lahore,5,For Sale,5,6.0
88,House,40000000,EME Society,Lahore,7,For Sale,6,20.0
90,House,17000000,Mateen Avenue,Lahore,6,For Sale,5,9.7
92,House,17000000,Paragon City,Lahore,5,For Sale,5,10.0
93,House,25000000,IEP Engineers Town,Lahore,5,For Sale,4,18.0
94,House,8500000,Muslim Town,Faisalabad,5,For Sale,4,5.0
95,House,25000000,Millat Town,Faisalabad,6,For Sale,5,24.0
96,House,6000000,Raza Abad,Faisalabad,2,For Sale,4,2.5
98,House,13500000,Humak,Rawalpindi,4,For Sale,5,7.0
100,House,23000000,Bahria Town Rawalpindi,Rawalpindi,6,For Sale,6,10.0
101,House,9990000,Gulshan Abad,Rawalpindi,2,For Sale,3,10.0
102,House,22500000,Media Town,Rawalpindi,5,For Sale,5,12.0
104,House,9000000,Bahria Town Rawalpindi,Rawalpindi,4,For Sale,3,5.0
107,House,23000000,Bahria Town Rawalpindi,Rawalpindi,6,For Sale,5,12.0
108,House,39500000,Bahria Town Rawalpindi,Rawalpindi,7,For Sale,6,20.0
109,House,21000000,Bahria Town Rawalpindi,Rawalpindi,7,For Sale,5,10.0
110,House,37000000,Bahria Town Rawalpindi,Rawalpindi,5,For Sale,5,20.0
111,House,37000000,Bahria Town Rawalpindi,Rawalpindi,7,For Sale,6,20.0
112,House,37500000,Bahria Town Rawalpindi,Rawalpindi,7,For Sale,5,20.0
113,Flat,4800000,Bahria Town Rawalpindi,Rawalpindi,1,For Sale,1,3.8
114,House,35000000,Bahria Town Rawalpindi,Rawalpindi,5,For Sale,5,20.0
115,Penthouse,25000000,Bahria Town Rawalpindi,Rawalpindi,4,For Sale,4,10.0
116,Flat,7500000,Bahria Town Rawalpindi,Rawalpindi,2,For Sale,2,5.5
117,House,12800000,Bahria Town Rawalpindi,Rawalpindi,4,For Sale,4,7.0
118,House,5000000,Chakri Road,Rawalpindi,5,For Sale,6,5.0
119,House,22000000,Bahria Town Rawalpindi,Rawalpindi,6,For Sale,5,10.0
120,House,38000000,Bahria Town Rawalpindi,Rawalpindi,7,For Sale,6,20.0
121,House,18000000,Askari 14,Rawalpindi,4,For Sale,4,10.0
122,House,25000000,Askari 13,Rawalpindi,5,For Sale,4,10.0
123,House,30000000,Askari 12,Rawalpindi,6,For Sale,4,10.0
124,House,23000000,Askari 13,Rawalpindi,5,For Sale,4,10.0
126,House,32000000,Askari 14,Rawalpindi,5,For Sale,5,22.0
128,House,25000000,Askari 13,Rawalpindi,6,For Sale,5,10.0
129,House,6000000,Bahria Town Rawalpindi,Rawalpindi,2,For Sale,2,5.0
131,House,28000000,Askari 10,Rawalpindi,5,For Sale,5,10.0
132,House,5300000,Gulshan-e-Iqbal,Rawalpindi,3,For Sale,2,5.0
133,House,19900000,Shalley Valley,Rawalpindi,6,For Sale,6,10.0
134,House,15000000,Askari 13,Rawalpindi,4,For Sale,3,5.0
135,House,18000000,Askari 14,Rawalpindi,5,For Sale,4,10.0
136,House,24500000,Askari 13,Rawalpindi,5,For Sale,4,10.0
137,House,27000000,Askari 13,Rawalpindi,4,For Sale,4,10.0
138,House,18000000,Askari 13,Rawalpindi,3,For Sale,3,5.0
141,House,125000,Chaklala Scheme,Rawalpindi,5,For Rent,5,20.0
142,Upper Portion,33000,Bahria Town Rawalpindi,Rawalpindi,3,For Rent,3,10.0
143,House,110000,Bahria Town Rawalpindi,Rawalpindi,7,For Rent,6,20.0
144,House,60000,Bahria Town Rawalpindi,Rawalpindi,6,For Rent,5,10.0
145,Upper Portion,50000,Bahria Town Rawalpindi,Rawalpindi,3,For Rent,3,20.0
146,House,70000,Bahria Town Rawalpindi,Rawalpindi,5,For Rent,5,10.0
147,Flat,22000,Bahria Town Rawalpindi,Rawalpindi,2,For Rent,2,2.4
149,Flat,35000,Chandni Chowk,Rawalpindi,2,For Rent,2,4.0
150,Upper Portion,48000,Bahria Town Rawalpindi,Rawalpindi,4,For Rent,3,20.0
151,Upper Portion,50000,Chaklala Scheme,Rawalpindi,3,For Rent,3,20.0
152,Flat,30000,Askari 15,Rawalpindi,3,For Rent,3,4.4
153,Flat,25000,Bahria Town Rawalpindi,Rawalpindi,1,For Rent,1,2.2
154,House,50000,Askari 14,Rawalpindi,6,For Rent,5,10.0
155,House,48000,Askari 14,Rawalpindi,4,For Rent,3,10.0
158,Flat,21000000,DHA Defence,Karachi,3,For Sale,3,8.9
159,House,6500000,Malir,Karachi,1,For Sale,2,3.2
160,House,13000000,Gadap Town,Karachi,4,For Sale,4,9.6
161,House,32000000,DHA Defence,Karachi,4,For Sale,4,4.0
163,Flat,16500000,Gulshan-e-Iqbal Town,Karachi,4,For Sale,4,9.8
165,House,12800000,Scheme 33,Karachi,6,For Sale,5,9.6
166,Flat,30000000,Cantt,Karachi,3,For Sale,3,10.2
167,Flat,34000000,Cantt,Karachi,4,For Sale,3,11.4
172,House,17000000,Gulshan-e-Iqbal Town,Karachi,5,For Sale,4,4.8
173,Flat,12500000,Gulshan-e-Iqbal Town,Karachi,3,For Sale,3,7.6
175,Flat,4100000,Abul Hassan Isphani Road,Karachi,2,For Sale,2,3.2
177,Flat,28000000,Cantt,Karachi,3,For Sale,3,11.4
178,Flat,32500000,Cantt,Karachi,3,For Sale,3,11.4
179,Flat,40000000,Cantt,Karachi,4,For Sale,4,13.2
194,House,19000000,Shahra-e-Faisal,Karachi,4,For Sale,4,9.6
195,Flat,7550000,Gizri,Karachi,2,For Sale,2,5.2
197,Flat,4500000,Saddar Town,Karachi,1,For Sale,2,1.3
198,Flat,6900000,Scheme 33,Karachi,3,For Sale,4,6.1
199,Flat,4500000,Gulistan-e-Jauhar,Karachi,2,For Sale,2,4.8
200,House,20000000,Gulshan-e-Iqbal Town,Karachi,3,For Sale,2,4.8
206,Flat,35000000,DHA Defence,Karachi,3,For Sale,2,9.1
207,Flat,25000000,DHA Defence,Karachi,1,For Sale,1,6.0
210,House,120000,Cantt,Karachi,4,For Rent,4,14.0
211,House,19000,Federal B Area,Karachi,2,For Rent,3,4.8
212,House,43000,North Karachi,Karachi,3,For Rent,6,11.5
215,House,130000,Malir,Karachi,5,For Rent,5,20.0
218,House,105000,Malir,Karachi,5,For Rent,5,20.0
219,Flat,65000,DHA Defence,Karachi,3,For Rent,3,7.8
220,Lower Portion,150000,Gulshan-e-Iqbal Town,Karachi,3,For Rent,3,16.0
221,House,38800000,Emaar Canyon Views,Islamabad,4,For Sale,5,30.0
223,Flat,15500000,DHA Defence,Islamabad,4,For Sale,4,12.0
225,Flat,3200000,F-17,Islamabad,2,For Sale,2,3.7
226,House,14000000,F-17,Islamabad,6,For Sale,4,7.0
227,Flat,3965000,I-12,Islamabad,2,For Sale,2,4.2
229,Flat,7800000,F-10,Islamabad,2,For Sale,2,5.8
230,House,30000000,Bahria Town,Islamabad,7,For Sale,6,10.0
231,House,21000000,Bahria Town,Islamabad,6,For Sale,5,10.0
232,Flat,8000000,Bahria Town,Islamabad,2,For Sale,2,6.1
233,House,180000,F-10,Islamabad,6,For Rent,6,26.0
234,Upper Portion,70000,F-10,Islamabad,3,For Rent,3,20.0
236,House,140000,F-10,Islamabad,6,For Rent,5,20.0
237,Upper Portion,75000,F-10,Islamabad,3,For Rent,3,20.0
239,House,220000,F-10,Islamabad,6,For Rent,6,20.0
240,Upper Portion,40000,Bahria Town,Islamabad,3,For Rent,3,10.0
241,Upper Portion,80000,F-10,Islamabad,3,For Rent,3,20.0
244,House,240000,F-10,Islamabad,5,For Rent,5,20.0
245,House,280000,F-10,Islamabad,6,For Rent,6,20.0
247,House,190000,F-10,Islamabad,6,For Rent,6,20.0
248,Upper Portion,130000,F-11,Islamabad,4,For Rent,4,26.0
249,Upper Portion,75000,F-11,Islamabad,3,For Rent,3,20.0
250,House,350000,F-11,Islamabad,6,For Rent,6,40.0
251,House,160000,F-11,Islamabad,5,For Rent,5,20.0
252,Lower Portion,110000,F-11,Islamabad,3,For Rent,3,26.0
253,House,190000,F-11,Islamabad,5,For Rent,5,20.0
254,House,180000,F-11,Islamabad,6,For Rent,6,20.0
256,Lower Portion,100000,F-11,Islamabad,3,For Rent,3,26.0
258,Upper Portion,130000,F-8,Islamabad,2,For Rent,2,20.0
260,Flat,17000,DHA Defence,Islamabad,1,For Rent,2,4.0
261,House,110000,F-11,Islamabad,4,For Rent,4,9.3
262,Upper Portion,80000,F-11,Islamabad,3,For Rent,3,26.0
263,House,110000,E-11,Islamabad,6,For Rent,6,10.1
264,Upper Portion,75000,F-11,Islamabad,3,For Rent,3,20.0
265,Flat,33000,Askari 14,Rawalpindi,4,For Rent,3,10.0
266,House,47000,Askari 14,Rawalpindi,4,For Rent,3,10.0
267,House,55000,Askari 13,Rawalpindi,4,For Rent,3,5.0
269,House,55000,Askari 13,Rawalpindi,4,For Rent,3,5.0
270,Flat,35000,Askari 7,Rawalpindi,4,For Rent,3,10.0
271,House,17600000,Bahria Town,Lahore,6,For Sale,5,10.0
272,House,17500000,Bahria Town,Lahore,6,For Sale,5,10.0
273,House,35000000,Askari,Lahore,5,For Sale,4,17.0
274,House,22000000,Askari,Lahore,5,For Sale,4,10.0
275,House,23500000,Askari,Lahore,6,For Sale,5,10.0
276,House,41500000,Askari,Lahore,6,For Sale,5,20.0
277,House,23000000,Askari,Lahore,5,For Sale,4,10.0
279,House,20500000,Askari,Lahore,4,For Sale,3,10.0
280,House,21000000,Askari,Lahore,4,For Sale,3,10.0
281,House,19200000,Architects Engineers Housing Society,Lahore,7,For Sale,5,10.0
282,House,7700000,Paragon City,Lahore,4,For Sale,3,4.0
283,House,21500000,DHA Defence,Lahore,5,For Sale,4,10.0
284,House,11800000,Bahria Town,Lahore,4,For Sale,3,5.0
285,House,26500000,DHA Defence,Lahore,5,For Sale,4,14.0
288,House,12500000,Samanabad,Lahore,3,For Sale,2,5.5
289,House,36000000,Askari,Lahore,5,For Sale,4,17.0
290,House,36000000,DHA Defence,Lahore,6,For Sale,5,20.0
292,House,20000000,Bahria Town,Lahore,7,For Sale,5,10.0
293,House,6000000,Allama Iqbal Town,Lahore,2,For Sale,3,2.0
294,House,5500000,Allama Iqbal Town,Lahore,2,For Sale,3,2.0
296,House,35000000,DHA Defence,Lahore,6,For Sale,5,20.0
300,House,22500000,Askari,Lahore,5,For Sale,5,10.0
301,House,22500000,Askari,Lahore,5,For Sale,4,10.0
302,House,23500000,Askari,Lahore,4,For Sale,4,10.0
303,House,15500000,Allama Iqbal Town,Lahore,5,For Sale,5,8.2
304,House,37000000,Askari,Lahore,5,For Sale,4,17.0
305,House,28000000,Askari,Lahore,4,For Sale,4,12.0
306,House,23500000,Askari,Lahore,5,For Sale,4,10.0
307,House,22000000,Askari,Lahore,6,For Sale,5,10.0
309,House,21500000,Askari,Lahore,5,For Sale,4,10.0
310,House,22500000,Askari,Lahore,5,For Sale,4,10.0
314,Flat,3200000,Mozang,Lahore,2,For Sale,2,3.0
318,House,8500000,Abdullahpur,Faisalabad,3,For Sale,4,5.0
319,Flat,10500000,Askari 7,Rawalpindi,4,For Sale,3,10.0
320,House,25000000,Askari 10,Rawalpindi,4,For Sale,5,10.0
323,Flat,11500000,Askari 4,Rawalpindi,4,For Sale,3,10.0
325,Flat,9800000,Askari 3,Rawalpindi,4,For Sale,3,10.0
326,Flat,9800000,Askari 2,Rawalpindi,4,For Sale,3,10.0
327,Flat,3000000,Bahria Town Rawalpindi,Rawalpindi,1,For Sale,1,1.5
328,House,21000000,Bahria Town Rawalpindi,Rawalpindi,6,For Sale,5,10.0
330,House,22500000,Askari 7,Rawalpindi,4,For Sale,3,10.0
331,House,25000000,Westridge,Rawalpindi,4,For Sale,3,11.0
332,House,22500000,Bahria Town Rawalpindi,Rawalpindi,6,For Sale,5,10.0
333,House,40000000,Bahria Town Rawalpindi,Rawalpindi,7,For Sale,6,20.0
334,House,38000000,Bahria Town Rawalpindi,Rawalpindi,6,For Sale,5,20.0
335,Flat,10000000,Askari 1,Rawalpindi,3,For Sale,3,10.7
336,House,22500000,Bahria Town Rawalpindi,Rawalpindi,6,For Sale,5,10.0
337,House,40000000,Bahria Town Rawalpindi,Rawalpindi,7,For Sale,6,20.0
338,House,42000000,Bahria Town Rawalpindi,Rawalpindi,7,For Sale,6,20.0
339,House,58000,Askari 14,Rawalpindi,6,For Rent,5,10.0
340,House,55000,Askari 14,Rawalpindi,5,For Rent,4,10.0
342,Lower Portion,48000,Askari 7,Rawalpindi,3,For Rent,3,10.0
343,Lower Portion,29500,Bahria Town Rawalpindi,Rawalpindi,4,For Rent,3,10.0
344,House,60000,Askari 13,Rawalpindi,4,For Rent,3,10.0
345,House,70000,Askari 10,Rawalpindi,4,For Rent,5,10.7
346,Flat,30500000,DHA Defence,Karachi,1,For Sale,1,5.5
353,Flat,6000000,Bahria Town Karachi,Karachi,2,For Sale,0,4.2
356,House,20000000,Bahria Town Karachi,Karachi,3,For Sale,3,8.0
357,House,14500000,Bahria Town Karachi,Karachi,5,For Sale,5,14.0
358,Flat,22500000,DHA Defence,Karachi,3,For Sale,3,8.0
360,House,21000000,Bahria Town Karachi,Karachi,3,For Sale,3,8.0
361,Flat,8500000,Jinnah Avenue,Karachi,3,For Sale,3,8.0
363,Flat,25000000,DHA Defence,Karachi,3,For Sale,3,8.0
364,Flat,3760000,PAF Housing Scheme,Karachi,2,For Sale,2,5.2
365,Flat,30000000,Gulshan-e-Iqbal Town,Karachi,2,For Sale,3,6.7
370,Upper Portion,150000,DHA Defence,Karachi,5,For Rent,4,40.0
371,House,250000,DHA Defence,Karachi,7,For Rent,6,20.0
372,Lower Portion,70000,Malir,Karachi,3,For Rent,3,20.0
373,Flat,5000000,E-11,Islamabad,2,For Sale,2,4.0
374,Flat,3600000,E-11,Islamabad,1,For Sale,1,3.1
375,Flat,4800000,E-11,Islamabad,2,For Sale,2,4.0
376,House,14000000,G-13,Islamabad,5,For Sale,5,4.0
377,House,14500000,Ghauri Town,Islamabad,5,For Sale,4,7.0
378,House,19000000,G-11,Islamabad,5,For Sale,5,5.6
381,House,6500000,DHA Defence,Islamabad,3,For Sale,3,8.0
382,House,18500000,DHA Defence,Islamabad,4,For Sale,3,10.0
384,House,15500000,PWD Housing Scheme,Islamabad,5,For Sale,5,10.0
385,Flat,7000000,G-11,Islamabad,1,For Sale,2,4.0
388,Flat,27900000,Jinnah Avenue,Islamabad,2,For Sale,2,6.9
389,Flat,18400000,Jinnah Avenue,Islamabad,1,For Sale,1,4.3
390,Flat,27100000,Jinnah Avenue,Islamabad,2,For Sale,2,6.6
392,Flat,9900000,E-11,Islamabad,3,For Sale,3,7.6
393,House,10500000,Kuri Road,Islamabad,4,For Sale,3,8.0
394,House,14500000,G-11,Islamabad,3,For Sale,4,4.4
396,Flat,4800000,Bahria Town,Islamabad,1,For Sale,1,2.9
397,House,13000000,Pakistan Town,Islamabad,4,For Sale,4,12.0
398,Flat,12500000,Gulberg,Islamabad,2,For Sale,2,6.9
400,House,9000000,Chatha Bakhtawar,Islamabad,4,For Sale,4,5.0
402,Flat,5656000,Bahria Town,Islamabad,2,For Sale,2,3.6
403,Flat,5800000,E-11,Islamabad,2,For Sale,2,4.1
408,Flat,42000000,F-11,Islamabad,4,For Sale,4,16.4
410,Upper Portion,45000,DHA Defence,Islamabad,3,For Rent,3,20.0
411,Lower Portion,60000,DHA Defence,Islamabad,4,For Rent,3,20.0
412,House,65000,Askari 13,Rawalpindi,5,For Rent,5,10.0
414,Flat,45000,Askari 3,Rawalpindi,4,For Rent,3,10.0
415,Flat,35000,Askari 7,Rawalpindi,4,For Rent,3,10.0
416,House,47000,Askari 14,Rawalpindi,4,For Rent,3,10.0
417,House,55000,Askari 7,Rawalpindi,4,For Rent,3,10.0
419,Flat,32000,Askari 1,Rawalpindi,7,For Rent,3,10.0
421,House,85000,Askari 12,Rawalpindi,5,For Rent,5,20.0
423,House,8000000,Model Town,Lahore,3,For Sale,2,3.0
426,House,17000000,Sultan Pura,Lahore,4,For Sale,5,7.0
428,House,39500000,DHA Defence,Lahore,7,For Sale,5,20.0
429,House,16500000,Gulberg,Lahore,4,For Sale,4,5.0
430,Flat,13000000,Askari,Lahore,3,For Sale,3,10.1
437,House,34500000,Gulberg,Lahore,5,For Sale,4,14.0
441,House,30000000,T & T Aabpara Housing Society,Lahore,6,For Sale,5,20.0
442,House,42000000,DHA Defence,Lahore,6,For Sale,5,20.0
443,House,42800000,DHA Defence,Lahore,6,For Sale,5,20.0
445,House,4500000,Al Faisal Town,Lahore,3,For Sale,3,2.0
450,House,13500000,T & T Aabpara Housing Society,Lahore,5,For Sale,5,10.0
451,Flat,7000000,Askari,Lahore,2,For Sale,2,6.0
452,House,9000000,Gulshan-e-Ravi,Lahore,4,For Sale,3,3.0
454,Flat,5100000,Bahria Town,Lahore,1,For Sale,1,2.0
455,House,12500000,Bahria Town,Lahore,3,For Sale,3,8.0
456,House,12500000,Canal Garden,Lahore,3,For Sale,2,10.0
457,House,30000000,Muslim Nagar Housing Scheme,Lahore,5,For Sale,5,24.0
459,House,15500000,Tricon Village,Lahore,5,For Sale,3,10.0
460,House,17600000,Bahria Town,Lahore,6,For Sale,5,10.0
463,House,13700000,Al Faisal Town,Lahore,6,For Sale,5,13.0
465,House,34000000,PCSIR Housing Scheme,Lahore,5,For Sale,5,20.0
469,House,11500000,Pak Arab Housing Society,Lahore,4,For Sale,3,5.0
470,House,42500000,DHA Defence,Lahore,6,For Sale,5,20.0
473,House,10000000,Pak Arab Housing Society,Lahore,2,For Sale,2,5.0
474,House,11500000,Pak Arab Housing Society,Lahore,4,For Sale,3,5.0
476,House,18800000,State Life Housing Society,Lahore,5,For Sale,4,10.0
477,House,11000000,Bahria Town,Lahore,3,For Sale,3,5.0
479,House,23600000,DHA Defence,Lahore,6,For Sale,4,10.0
483,House,10900000,DHA 11 Rahbar,Lahore,4,For Sale,4,5.0
484,House,5600000,Shershah Colony - Raiwind Road,Lahore,4,For Sale,3,3.0
485,House,33000000,DHA Defence,Lahore,5,For Sale,4,10.0
486,House,29500000,DHA Defence,Lahore,5,For Sale,4,10.0
488,House,7900000,Jaranwala Road,Lahore,4,For Sale,3,10.0
490,House,8900000,Muslim Town,Faisalabad,5,For Sale,4,5.0
491,House,12500000,Wapda City,Faisalabad,5,For Sale,4,10.0
492,House,4500000,Abdullahpur,Faisalabad,3,For Sale,3,3.0
494,House,17500000,Askari 11,Rawalpindi,6,For Sale,4,10.0
495,House,23500000,Bahria Town Rawalpindi,Rawalpindi,6,For Sale,5,11.0
496,Flat,11500000,Askari 14,Rawalpindi,4,For Sale,3,10.0
497,House,13000000,Adiala Road,Rawalpindi,4,For Sale,4,20.0
498,House,10500000,Bahria Town Rawalpindi,Rawalpindi,3,For Sale,3,8.0
499,House,38000000,Bahria Town Rawalpindi,Rawalpindi,6,For Sale,5,20.0
506,Flat,11000000,Askari 14,Rawalpindi,4,For Sale,3,10.0
510,House,13000000,Al-Noor Colony,Rawalpindi,5,For Sale,5,7.0
511,House,40000000,Bahria Town Rawalpindi,Rawalpindi,7,For Sale,6,20.0
514,Flat,35100000,Cantt,Karachi,3,For Sale,3,12.2
520,House,12500000,Northern Bypass,Karachi,5,For Sale,4,11.0
521,House,9205000,Fazaia Housing Scheme,Karachi,4,For Sale,3,11.0
522,Flat,6100000,Gulshan-e-Iqbal Town,Karachi,2,For Sale,2,3.7
526,Flat,9500000,North Nazimabad,Karachi,4,For Sale,3,6.0
527,Flat,3500000,Abul Hassan Isphani Road,Karachi,3,For Sale,5,5.1
528,House,40000000,New Karachi,Karachi,5,For Sale,4,4.8
530,Flat,22000000,DHA Defence,Karachi,3,For Sale,3,8.0
533,Flat,8500000,Scheme 33,Karachi,3,For Sale,3,6.7
534,Flat,14000000,Saddar Town,Karachi,4,For Sale,4,9.0
536,Flat,4100000,North Karachi,Karachi,2,For Sale,4,3.4
537,Flat,3400000,Anda Mor Road,Karachi,2,For Sale,2,2.9
538,Penthouse,15000000,Gulshan-e-Iqbal Town,Karachi,3,For Sale,3,7.6
539,Flat,39000000,Gulshan-e-Iqbal Town,Karachi,5,For Sale,4,9.8
540,Flat,4666000,Fazaia Housing Scheme,Karachi,2,For Sale,2,5.8
541,Flat,4848000,Scheme 33,Karachi,3,For Sale,3,3.6
543,House,40000000,Gulshan-e-Iqbal Town,Karachi,4,For Sale,3,16.0
544,House,8500000,Malir,Karachi,5,For Sale,4,4.0
548,House,7000000,North Karachi,Karachi,3,For Sale,3,3.4
549,Flat,17000000,Clifton,Karachi,3,For Sale,3,6.2
550,Flat,1700000,Lyari Town,Karachi,2,For Sale,2,3.2
551,Flat,22000000,DHA Defence,Karachi,4,For Sale,3,8.0
554,Flat,5049000,Scheme 33,Karachi,2,For Sale,0,4.0
555,Flat,8000000,DHA Defence,Karachi,2,For Sale,2,4.7
556,Flat,65000,Cantt,Karachi,3,For Rent,3,11.4
557,House,110000,Cantt,Karachi,6,For Rent,5,20.0
558,Upper Portion,75000,Cantt,Karachi,5,For Rent,3,22.0
559,Flat,135000,Bath Island,Karachi,5,For Rent,3,10.3
560,Upper Portion,75000,Cantt,Karachi,3,For Rent,3,22.0
561,Flat,55000,Cantt,Karachi,3,For Rent,3,12.2
562,Lower Portion,68000,Malir,Karachi,3,For Rent,3,20.0
563,House,110000,Cantt,Karachi,5,For Rent,5,20.0
565,Flat,25000,North Nazimabad,Karachi,2,For Rent,2,4.9
567,Flat,85000,Clifton,Karachi,4,For Rent,3,8.2
568,House,23000,Malir,Karachi,3,For Rent,2,5.6
569,House,185000,DHA Defence,Karachi,6,For Rent,4,20.0
571,Room,50000,DHA Defence,Karachi,3,For Rent,3,20.0
572,Upper Portion,45000,Malir,Karachi,2,For Rent,2,20.0
573,Flat,325000,Clifton,Karachi,4,For Rent,3,14.7
574,House,190000,Falcon Complex Faisal,Karachi,5,For Rent,5,20.0
575,House,200000,Jamshed Town,Karachi,5,For Rent,4,10.0
576,House,110000,DHA Defence,Islamabad,6,For Rent,6,20.0
577,House,650000,F-7,Islamabad,4,For Rent,4,24.0
578,House,120000,DHA Defence,Islamabad,5,For Rent,3,12.0
579,Flat,20500,I-11,Islamabad,2,For Rent,2,4.4
580,Flat,17000,DHA Defence,Islamabad,2,For Rent,2,3.6
581,House,55000,National Police Foundation O-9,Islamabad,6,For Rent,5,10.0
583,Upper Portion,62000,Korang Road,Islamabad,5,For Rent,5,14.0
584,House,20000,Bani Gala,Islamabad,1,For Rent,1,14.0
585,Upper Portion,65000,F-11,Islamabad,3,For Rent,3,26.0
586,Flat,75000,I-8,Islamabad,2,For Rent,0,5.1
587,Upper Portion,75000,F-11,Islamabad,3,For Rent,3,20.0
589,House,180000,F-10,Islamabad,6,For Rent,5,26.0
590,House,200000,F-10,Islamabad,5,For Rent,5,20.0
591,House,200000,F-10,Islamabad,5,For Rent,5,40.0
592,House,190000,F-10,Islamabad,6,For Rent,6,20.0
594,House,8500000,Bani Gala,Islamabad,5,For Sale,5,5.0
595,Flat,33000000,Diplomatic Enclave,Islamabad,3,For Sale,2,8.0
597,House,13000000,G-13,Islamabad,4,For Sale,3,5.0
598,Flat,15500000,DHA Defence,Islamabad,4,For Sale,3,10.0
601,Flat,15000000,DHA Defence,Islamabad,4,For Sale,3,10.0
602,House,21000000,Bahria Town,Islamabad,6,For Sale,5,10.0
604,Flat,10500000,G-11,Islamabad,3,For Sale,3,4.9
605,Flat,12500000,G-7,Islamabad,2,For Sale,3,5.8
606,House,36500000,Bahria Town,Islamabad,7,For Sale,6,20.0
608,House,23500000,Bahria Town,Islamabad,6,For Sale,5,10.0
610,House,23000000,Bahria Town,Islamabad,6,For Sale,5,10.0
611,House,27500000,G-11,Islamabad,5,For Sale,5,8.0
612,Flat,35000000,F-10,Islamabad,3,For Sale,3,10.0
616,Lower Portion,25000,Muslim Town,Faisalabad,3,For Rent,2,8.0
617,Upper Portion,75000,Fazaia Colony,Rawalpindi,3,For Rent,3,24.0
618,Upper Portion,33000,Bahria Town Rawalpindi,Rawalpindi,3,For Rent,3,10.0
621,House,115000,Bahria Town Rawalpindi,Rawalpindi,5,For Rent,5,20.0
622,House,60000,Bahria Town Rawalpindi,Rawalpindi,5,For Rent,4,11.0
623,House,20000000,Cavalry Ground,Lahore,6,For Sale,6,10.0
625,House,32500000,State Life Housing Society,Lahore,6,For Sale,5,20.0
626,House,34000000,State Life Housing Society,Lahore,6,For Sale,5,20.0
629,House,40000000,Gulberg,Lahore,4,For Sale,4,14.0
633,Flat,19000000,Askari,Lahore,4,For Sale,3,10.0
635,House,37500000,Gulberg,Lahore,4,For Sale,4,14.0
636,House,32000000,Cricketer Villas,Lahore,7,For Sale,5,26.0
637,House,10000000,Rehman Villas,Lahore,3,For Sale,3,4.0
638,House,44500000,DHA Defence,Lahore,6,For Sale,5,20.0
641,House,33000000,State Life Housing Society,Lahore,6,For Sale,5,20.0
644,House,33500000,Gulberg,Lahore,4,For Sale,4,14.0
647,House,6550000,Eden,Lahore,2,For Sale,3,4.0
649,House,42500000,DHA Defence,Lahore,6,For Sale,5,20.0
650,House,39900000,DHA Defence,Lahore,6,For Sale,5,10.0
651,House,16900000,Bahria Town,Lahore,6,For Sale,5,8.0
652,Flat,6000000,Faisal Town,Lahore,3,For Sale,3,5.0
653,House,7200000,Eden,Lahore,2,For Sale,3,5.0
654,Flat,14500000,Askari,Lahore,3,For Sale,3,10.0
655,House,11500000,Bahria Town,Lahore,4,For Sale,3,5.0
656,House,17600000,Bahria Town,Lahore,6,For Sale,5,10.0
657,House,11000000,Harbanspura Road,Lahore,4,For Sale,3,6.0
658,House,5000000,Alfalah Town,Lahore,4,For Sale,3,2.5
659,House,26800000,Punjab Govt Employees Society,Lahore,6,For Sale,5,20.0
660,House,40000000,EME Society,Lahore,6,For Sale,5,32.0
662,House,4000000,Ashiana-e-Quaid Housing Scheme,Lahore,2,For Sale,2,3.0
663,Lower Portion,3200000,Eden,Lahore,1,For Sale,2,3.0
664,House,32900000,DHA Defence,Lahore,5,For Sale,4,10.0
666,House,37000000,DHA Defence,Lahore,6,For Sale,5,20.0
668,House,37500000,DHA Defence,Lahore,6,For Sale,5,20.0
669,Flat,1500000,Bahria Town Rawalpindi,Rawalpindi,1,For Sale,1,1.3
671,House,17500000,Askari 14,Rawalpindi,4,For Sale,3,10.0
672,House,12000000,Bahria Town Rawalpindi,Rawalpindi,5,For Sale,4,7.0
673,House,23500000,Bahria Town Rawalpindi,Rawalpindi,6,For Sale,5,10.0
674,House,27500000,Bahria Town Rawalpindi,Rawalpindi,6,For Sale,5,10.0
675,House,35000000,Satellite Town,Rawalpindi,6,For Sale,6,6.0
676,House,11000000,Bahria Town Rawalpindi,Rawalpindi,3,For Sale,3,8.0
677,House,22000000,Bahria Town Rawalpindi,Rawalpindi,5,For Sale,4,10.0
678,House,23000000,Bahria Town Rawalpindi,Rawalpindi,5,For Sale,5,10.0
680,House,25000000,Affandi Colony,Rawalpindi,7,For Sale,6,13.0
681,House,38500000,Bahria Town Rawalpindi,Rawalpindi,5,For Sale,5,20.0
682,House,21000000,Bahria Town Rawalpindi,Rawalpindi,6,For Sale,5,10.0
683,House,23500000,Bahria Town Rawalpindi,Rawalpindi,5,For Sale,4,10.0
684,House,7400000,Sadiqabad,Rawalpindi,2,For Sale,4,5.0
685,House,40000000,Bahria Town Rawalpindi,Rawalpindi,7,For Sale,6,20.0
686,House,21000000,Bahria Town Rawalpindi,Rawalpindi,6,For Sale,5,10.0
687,House,23500000,Bahria Town Rawalpindi,Rawalpindi,6,For Sale,5,10.0
688,House,23500000,Bahria Town Rawalpindi,Rawalpindi,6,For Sale,5,10.0
689,Flat,4000000,Bahria Town Rawalpindi,Rawalpindi,1,For Sale,1,2.0
690,Flat,7800000,DHA Defence,Karachi,2,For Sale,3,4.4
691,Flat,22500000,DHA Defence,Karachi,3,For Sale,3,6.7
693,Flat,30000000,DHA Defence,Karachi,2,For Sale,2,7.3
695,House,6500000,North Nazimabad,Karachi,2,For Sale,3,3.2
697,Flat,8000000,Gulistan-e-Jauhar,Karachi,3,For Sale,3,7.6
698,Flat,15000000,DHA Defence,Karachi,3,For Sale,3,5.6
699,Flat,22500000,DHA Defence,Karachi,4,For Sale,3,9.1
700,Flat,32500000,DHA Defence,Karachi,4,For Sale,3,8.0
701,Flat,8000000,Gulistan-e-Jauhar,Karachi,3,For Sale,3,7.6
702,House,43500000,DHA Defence,Karachi,5,For Sale,4,4.0
706,Flat,22500000,DHA Defence,Karachi,4,For Sale,3,8.1
707,Flat,13000000,Gulshan-e-Iqbal Town,Karachi,4,For Sale,3,8.9
708,Flat,11500000,Gulistan-e-Jauhar,Karachi,3,For Sale,3,10.7
709,Flat,4790000,Bahria Town Karachi,Karachi,2,For Sale,2,4.2
710,House,3200000,Gadap Town,Karachi,3,For Sale,4,2.8
711,Flat,6000000,Bahria Town Karachi,Karachi,2,For Sale,2,4.2
712,Flat,18000000,Gulshan-e-Iqbal Town,Karachi,2,For Sale,3,7.3
713,Flat,12400000,Defence View Society,Karachi,2,For Sale,2,4.7
714,Flat,9500000,Cantt,Karachi,2,For Sale,3,6.7
719,House,8000000,Bahria Town Karachi,Karachi,3,For Sale,3,8.0
720,Flat,4800000,Bahria Town Karachi,Karachi,2,For Sale,2,4.2
721,Flat,3650000,Gadap Town,Karachi,2,For Sale,2,3.3
722,House,16000000,North Karachi,Karachi,5,For Sale,5,4.8
724,Flat,4050000,Gulshan-e-Iqbal Town,Karachi,2,For Sale,2,3.3
725,House,14500000,Bahria Town Karachi,Karachi,4,For Sale,4,14.0
727,Flat,4700000,Federal B Area,Karachi,2,For Sale,3,36.0
728,Flat,4666000,Fazaia Housing Scheme,Karachi,2,For Sale,2,5.8
729,Flat,7960000,Fazaia Housing Scheme,Karachi,4,For Sale,3,9.8
730,Flat,10100000,Fazaia Housing Scheme,Karachi,5,For Sale,4,12.5
731,House,6642000,Northern Bypass,Karachi,3,For Sale,3,5.0
732,Penthouse,12200000,Nazimabad,Karachi,3,For Sale,3,5.3
733,House,15000000,Gulistan-e-Jauhar,Karachi,5,For Sale,6,6.0
736,Flat,3300000,Gulistan-e-Jauhar,Karachi,2,For Sale,2,1.9
737,Flat,3700000,Gulistan-e-Jauhar,Karachi,2,For Sale,2,4.0
738,Flat,6000000,Gulistan-e-Jauhar,Karachi,2,For Sale,2,4.0
739,House,16000000,Gulistan-e-Jauhar,Karachi,5,For Sale,5,7.0
740,Flat,2600000,Gulistan-e-Jauhar,Karachi,1,For Sale,1,2.2
741,Upper Portion,14500000,Gulistan-e-Jauhar,Karachi,3,For Sale,3,9.6
742,Flat,6000000,Gulshan-e-Iqbal Town,Karachi,2,For Sale,2,4.0
743,House,6500000,P & T Colony,Karachi,2,For Sale,2,3.2
747,House,300000,DHA Defence,Karachi,4,For Rent,4,20.0
748,House,80000,DHA Defence,Karachi,3,For Rent,3,4.0
749,Upper Portion,190000,DHA Defence,Karachi,4,For Rent,4,40.0
750,Lower Portion,70000,Gulshan-e-Iqbal Town,Karachi,3,For Rent,4,8.9
752,Upper Portion,54000,Federal B Area,Karachi,3,For Rent,3,24.0
753,House,140000,Navy Housing Scheme Karsaz,Karachi,6,For Rent,5,14.0
755,House,140000,Navy Housing Scheme Karsaz,Karachi,6,For Rent,5,14.0
756,Upper Portion,120000,F-11,Islamabad,4,For Rent,4,40.0
757,Flat,43000,DHA Defence,Islamabad,3,For Rent,3,11.6
758,Upper Portion,90000,F-11,Islamabad,4,For Rent,4,26.0
759,Lower Portion,110000,F-11,Islamabad,3,For Rent,3,24.0
760,Flat,25000,E-11,Islamabad,1,For Rent,1,2.2
761,Flat,35000,E-11,Islamabad,1,For Rent,1,2.2
762,Flat,35000,E-11,Islamabad,2,For Rent,2,5.3
763,Lower Portion,110000,F-11,Islamabad,3,For Rent,3,20.0
764,Flat,40000,DHA Defence,Islamabad,4,For Rent,3,10.0
766,Flat,40000,E-11,Islamabad,3,For Rent,3,4.4
767,House,400000,F-6,Islamabad,6,For Rent,5,76.0
768,Upper Portion,85000,F-10,Islamabad,3,For Rent,3,20.0
770,Flat,4500000,E-11,Islamabad,2,For Sale,2,4.7
773,House,41000000,G-11,Islamabad,6,For Sale,6,14.2
774,Flat,43000000,Diplomatic Enclave,Islamabad,2,For Sale,2,6.7
776,House,12000000,Bhara kahu,Islamabad,4,For Sale,4,8.0
782,House,58000,Askari 10,Rawalpindi,4,For Rent,3,10.0
783,House,65000,Askari 13,Rawalpindi,6,For Rent,5,10.0
784,Lower Portion,16000,Airport Housing Society,Rawalpindi,3,For Rent,2,6.0
785,House,48000,Askari 14,Rawalpindi,3,For Rent,4,10.0
786,Flat,65000,Bahria Town Rawalpindi,Rawalpindi,2,For Rent,2,7.1
787,House,65000,Saddar,Rawalpindi,4,For Rent,4,7.0
788,Flat,45000,Askari 4,Rawalpindi,4,For Rent,3,10.0
789,Flat,50000,Bahria Town Rawalpindi,Rawalpindi,2,For Rent,2,4.9
790,Flat,35000,Askari 14,Rawalpindi,4,For Rent,3,10.0
791,House,25000,Adiala Road,Rawalpindi,4,For Rent,4,5.0
792,House,8200000,Military Accounts Housing Society,Lahore,4,For Sale,4,4.0
794,House,17500000,Bahria Town,Lahore,6,For Sale,5,10.0
796,House,16000000,Shalimar Housing Scheme,Lahore,5,For Sale,5,7.0
797,House,44000000,DHA Defence,Lahore,6,For Sale,5,20.0
799,House,41000000,DHA Defence,Lahore,6,For Sale,5,20.0
800,House,26000000,Askari,Lahore,4,For Sale,4,12.0
802,House,26500000,Punjab Govt Employees Society,Lahore,7,For Sale,6,20.0
804,Flat,14500000,Askari,Lahore,5,For Sale,4,11.0
805,Flat,19700000,Askari,Lahore,4,For Sale,3,10.0
808,Flat,3600000,Khayaban-e-Amin,Lahore,2,For Sale,2,5.0
809,Flat,38000000,DHA Defence,Lahore,3,For Sale,3,9.8
810,House,29500000,DHA Defence,Lahore,5,For Sale,4,10.0
811,House,27000000,DHA Defence,Lahore,4,For Sale,3,10.0
812,House,5300000,Eden,Lahore,2,For Sale,2,3.0
814,House,42500000,DHA Defence,Lahore,6,For Sale,5,20.0
815,House,23500000,DHA Defence,Lahore,6,For Sale,4,10.0
817,House,27500000,DHA Defence,Lahore,5,For Sale,4,10.0
818,House,11500000,Bahria Town,Lahore,4,For Sale,3,5.0
819,House,7200000,Shahdara,Lahore,3,For Sale,4,7.0
821,House,39500000,DHA Defence,Lahore,6,For Sale,5,20.0
825,House,14500000,Iqbal Park,Lahore,4,For Sale,4,6.0
826,House,22500000,Bahria Town,Lahore,7,For Sale,5,12.0
827,House,27500000,DHA Defence,Lahore,5,For Sale,4,10.0
829,House,32500000,DHA Defence,Lahore,6,For Sale,5,20.0
833,House,43200000,DHA Defence,Lahore,6,For Sale,5,20.0
836,House,3900000,Baldia Town,Karachi,4,For Sale,4,2.2
837,House,21000000,Scheme 33,Karachi,4,For Sale,4,4.8
838,Flat,8500000,North Nazimabad,Karachi,2,For Sale,2,4.8
839,Flat,12900000,DHA Defence,Karachi,3,For Sale,3,6.4
840,Flat,6200000,Gulistan-e-Jauhar,Karachi,3,For Sale,3,6.0
842,House,6642000,Fazaia Housing Scheme,Karachi,3,For Sale,3,5.0
845,House,12500000,Fazaia Housing Scheme,Karachi,5,For Sale,4,11.0
846,Flat,17500000,North Nazimabad,Karachi,3,For Sale,3,7.6
849,Flat,4666000,Fazaia Housing Scheme,Karachi,2,For Sale,2,5.8
850,Flat,7960000,Fazaia Housing Scheme,Karachi,4,For Sale,3,9.8
851,Flat,10100000,Fazaia Housing Scheme,Karachi,5,For Sale,4,12.5
852,Flat,3763000,Fazaia Housing Scheme,Karachi,2,For Sale,2,5.2
853,Flat,4090000,Fazaia Housing Scheme,Karachi,2,For Sale,2,5.7
854,Flat,4797000,Fazaia Housing Scheme,Karachi,4,For Sale,3,6.7
855,Flat,5136000,Fazaia Housing Scheme,Karachi,4,For Sale,3,7.1
856,Flat,10100000,Fazaia Housing Scheme,Karachi,5,For Sale,4,12.5
857,Flat,4666000,Fazaia Housing Scheme,Karachi,2,For Sale,2,5.8
858,Flat,7960000,Fazaia Housing Scheme,Karachi,4,For Sale,3,9.8
859,Flat,10100000,Fazaia Housing Scheme,Karachi,5,For Sale,4,12.5
860,Flat,3763000,Fazaia Housing Scheme,Karachi,2,For Sale,2,5.2
861,Flat,4090000,Fazaia Housing Scheme,Karachi,2,For Sale,2,5.7
862,Flat,4797000,Fazaia Housing Scheme,Karachi,4,For Sale,3,6.7
863,Flat,5136000,Northern Bypass,Karachi,4,For Sale,3,7.1
865,House,7500000,Bahria Town Karachi,Karachi,3,For Sale,3,5.0
866,Flat,4800000,Bahria Town Karachi,Karachi,2,For Sale,2,4.2
867,Flat,2200000,Malir,Karachi,1,For Sale,1,1.8
877,House,17500000,Bahria Town Karachi,Karachi,4,For Sale,4,14.0
882,Flat,14500000,Gulistan-e-Jauhar,Karachi,6,For Sale,4,12.0
883,Flat,40000000,Cantt,Karachi,3,For Sale,3,9.8
885,House,6642000,Northern Bypass,Karachi,3,For Sale,3,5.0
886,House,9205000,Northern Bypass,Karachi,4,For Sale,3,11.0
887,House,12500000,Northern Bypass,Karachi,5,For Sale,4,11.0
888,House,16500000,Gulistan-e-Jauhar,Karachi,6,For Sale,6,6.7
889,House,4500000,Lehtarar Road,Islamabad,3,For Sale,2,5.0
890,House,23500000,G-11,Islamabad,4,For Sale,4,8.0
896,Upper Portion,85000,F-11,Islamabad,3,For Rent,3,20.0
897,Upper Portion,70000,Bani Gala,Islamabad,3,For Rent,3,60.0
898,Flat,65000,F-11,Islamabad,2,For Rent,2,12.4
904,House,95000,Bahria Town,Islamabad,7,For Rent,6,10.0
905,House,37900000,G-9,Islamabad,6,For Sale,6,14.2
906,Flat,25000000,F-10,Islamabad,1,For Sale,2,4.4
907,House,13000000,E-14,Islamabad,5,For Sale,6,10.0
909,Flat,16500000,F-8,Islamabad,1,For Sale,1,3.0
911,Flat,29500000,F-8,Islamabad,2,For Sale,2,6.7
912,Flat,7500000,Bani Gala,Islamabad,3,For Sale,2,7.1
913,Flat,10000000,Diplomatic Enclave,Islamabad,1,For Sale,1,2.0
917,House,9500000,Soan Garden,Islamabad,3,For Sale,3,10.0
918,Flat,12500000,DHA Defence,Islamabad,3,For Sale,3,8.9
922,House,200000,F-11,Islamabad,6,For Rent,6,26.0
923,Upper Portion,95000,F-10,Islamabad,3,For Rent,3,24.0
924,Flat,250000,Karakoram Diplomatic Enclave,Islamabad,2,For Rent,2,11.8
925,Flat,190000,Karakoram Diplomatic Enclave,Islamabad,2,For Rent,2,8.9
927,House,8000000,Paradise Valley,Faisalabad,3,For Sale,6,5.0
928,House,21000000,Askari 14,Rawalpindi,6,For Sale,5,10.0
929,House,5000000,Misryal Road,Rawalpindi,3,For Sale,2,5.0
930,House,15000000,Bahria Town Rawalpindi,Rawalpindi,5,For Sale,4,8.0
931,House,21000000,Bahria Town Rawalpindi,Rawalpindi,6,For Sale,5,10.0
932,Flat,5500000,Bahria Town Rawalpindi,Rawalpindi,2,For Sale,2,4.0
933,Flat,3500000,Bahria Town Rawalpindi,Rawalpindi,1,For Sale,1,3.2
934,Upper Portion,100000,Bahria Town Rawalpindi,Rawalpindi,4,For Rent,3,20.0
935,Flat,45000,Bahria Town Rawalpindi,Rawalpindi,2,For Rent,2,4.4
936,Flat,16000,Bahria Town Rawalpindi,Rawalpindi,1,For Rent,1,2.0
937,Flat,20000,Bahria Town Rawalpindi,Rawalpindi,1,For Rent,1,3.1
938,Flat,17000,Bahria Town Rawalpindi,Rawalpindi,1,For Rent,2,3.5
939,House,35000,Bahria Town Rawalpindi,Rawalpindi,1,For Rent,2,5.0
940,Flat,60000,Bahria Town Rawalpindi,Rawalpindi,2,For Rent,2,6.7
941,House,27500000,DHA Defence,Lahore,5,For Sale,4,10.0
942,House,20500000,State Life Housing Society,Lahore,5,For Sale,4,10.0
945,House,31500000,DHA Defence,Lahore,6,For Sale,5,20.0
946,House,39000000,DHA Defence,Lahore,5,For Sale,4,10.0
947,House,25000000,DHA Defence,Lahore,4,For Sale,4,10.0
948,House,29000000,DHA Defence,Lahore,5,For Sale,4,10.0
949,House,19500000,Cantt,Lahore,5,For Sale,4,10.0
950,House,43500000,DHA Defence,Lahore,6,For Sale,5,20.0
951,House,32000000,DHA Defence,Lahore,5,For Sale,4,10.0
952,House,17500000,Bahria Town,Lahore,7,For Sale,5,10.0
953,House,41700000,DHA Defence,Lahore,6,For Sale,5,20.0
954,House,18000000,Sabzazar Scheme,Lahore,4,For Sale,4,10.0
955,House,5500000,Model Colony,Lahore,2,For Sale,2,5.0
956,House,24000000,Askari,Lahore,3,For Sale,3,10.0
957,House,8200000,Iqbal Park,Lahore,3,For Sale,3,3.0
959,House,19000000,Mustafa Town,Lahore,4,For Sale,5,10.0
961,House,9000000,Walton Road,Lahore,4,For Sale,4,5.0
962,House,23500000,DHA Defence,Lahore,5,For Sale,4,10.0
963,House,15000000,Samanabad,Lahore,6,For Sale,5,6.0
965,House,35000000,Eden,Lahore,6,For Sale,5,20.0
966,House,32000000,DHA Defence,Lahore,5,For Sale,4,10.0
968,House,20000000,New Super Town,Lahore,3,For Sale,3,10.0
969,House,37500000,West Wood Housing Society,Lahore,6,For Sale,6,20.0
970,House,41500000,DHA Defence,Lahore,6,For Sale,5,20.0
972,House,35000000,DHA Defence,Lahore,6,For Sale,5,20.0
973,House,37500000,DHA Defence,Lahore,6,For Sale,5,20.0
975,House,42500000,DHA Defence,Lahore,6,For Sale,5,20.0
977,House,22200000,Askari,Lahore,3,For Sale,3,10.0
979,House,30000000,DHA Defence,Lahore,6,For Sale,5,10.0
980,House,13000000,Ghulam Mohammad Abad,Faisalabad,3,For Sale,4,7.0
982,Flat,2200000,Liaquat Bagh,Rawalpindi,1,For Sale,2,2.0
983,House,43000000,Bahria Town Rawalpindi,Rawalpindi,6,For Sale,5,20.0
984,House,25000000,Askari 11,Rawalpindi,5,For Sale,6,10.0
985,House,9500000,Khayaban-e-Sir Syed,Rawalpindi,3,For Sale,5,3.0
986,House,14000000,Bahria Town Rawalpindi,Rawalpindi,6,For Sale,5,7.0
987,House,35000000,Askari 14,Rawalpindi,5,For Sale,4,16.0
988,House,100000,Muslim Town,Faisalabad,5,For Rent,5,38.0
989,Flat,17000,Bahria Town Rawalpindi,Rawalpindi,2,For Rent,2,3.5
990,Upper Portion,40000,Bahria Town Rawalpindi,Rawalpindi,3,For Rent,3,20.0
991,House,23000,Bahria Town Rawalpindi,Rawalpindi,2,For Rent,2,5.0
992,Lower Portion,80000,Bahria Town Rawalpindi,Rawalpindi,3,For Rent,2,10.0
993,House,75000,Bahria Town Rawalpindi,Rawalpindi,3,For Rent,3,8.0
994,Lower Portion,24000,Bahria Town Rawalpindi,Rawalpindi,2,For Rent,2,7.0
995,Upper Portion,25000,Bahria Town Rawalpindi,Rawalpindi,3,For Rent,3,10.0
998,House,75000,Bahria Town Rawalpindi,Rawalpindi,3,For Rent,3,8.0
999,House,23000,Bahria Town Rawalpindi,Rawalpindi,2,For Rent,2,5.0
1000,House,135000,Navy Housing Scheme Karsaz,Karachi,6,For Rent,5,14.0
1001,Flat,175000,DHA Defence,Karachi,3,For Rent,3,14.2
1002,Lower Portion,45000,North Nazimabad,Karachi,3,For Rent,3,8.0
1003,Flat,35000,Gulistan-e-Jauhar,Karachi,3,For Rent,3,7.6
1004,Lower Portion,19000,New Karachi,Karachi,2,For Rent,2,5.1
1005,Flat,6600000,Nazimabad,Karachi,2,For Sale,2,4.7
1007,House,3500000,Northern Bypass,Karachi,3,For Sale,3,5.0
1008,House,14000000,Federal B Area,Karachi,3,For Sale,6,4.8
1009,House,11500000,Bahria Town Karachi,Karachi,3,For Sale,3,8.0
1010,Flat,17000000,Jamshed Town,Karachi,3,For Sale,3,7.1
1011,Flat,7500000,Gulshan-e-Iqbal Town,Karachi,3,For Sale,3,5.0
1012,Flat,4500000,Gulistan-e-Jauhar,Karachi,2,For Sale,2,3.8
1013,Flat,2500000,Gulistan-e-Jauhar,Karachi,1,For Sale,1,2.0
1014,Penthouse,10500000,Gulshan-e-Iqbal Town,Karachi,2,For Sale,3,7.8
1015,Flat,4666000,Fazaia Housing Scheme,Karachi,2,For Sale,2,5.8
1019,Flat,4090000,Fazaia Housing Scheme,Karachi,2,For Sale,2,5.7
1020,Flat,4797000,Fazaia Housing Scheme,Karachi,4,For Sale,3,6.7
1023,Lower Portion,5900000,Federal B Area,Karachi,3,For Sale,3,4.8
1025,House,27500000,Bahria Town Karachi,Karachi,5,For Sale,5,10.9
1026,Flat,12000000,Gulistan-e-Jauhar,Karachi,3,For Sale,3,10.2
1028,House,13700000,Bahria Town Karachi,Karachi,3,For Sale,3,6.1
1029,Flat,32000000,Cantt,Karachi,3,For Sale,3,11.4
1030,Flat,5100000,Bahria Town Karachi,Karachi,2,For Sale,2,4.2
1031,Flat,25500000,Jamshed Town,Karachi,4,For Sale,3,6.7
1032,Flat,5200000,Gulistan-e-Jauhar,Karachi,2,For Sale,2,4.2
1033,House,8500000,Gulshan-e-Usman Housing Society,Karachi,3,For Sale,3,5.0
1035,Flat,17500000,Gulshan-e-Iqbal Town,Karachi,3,For Sale,3,8.0
1036,Flat,20000000,Jamshed Town,Karachi,3,For Sale,5,9.3
1037,Flat,7000000,Garden West,Karachi,4,For Sale,3,6.0
1038,Upper Portion,1800000,Liaquatabad,Karachi,1,For Sale,1,1.8
1039,House,13000000,Gulshan-e-Iqbal Town,Karachi,4,For Sale,4,4.8
1041,Flat,6500000,Gulistan-e-Jauhar,Karachi,3,For Sale,3,6.0
1044,House,240000,Zamzama,Karachi,5,For Rent,5,14.0
1045,Upper Portion,150000,DHA Defence,Karachi,3,For Rent,3,20.0
1046,Upper Portion,200000,DHA Defence,Karachi,3,For Rent,3,20.0
1047,Lower Portion,40000,Gulshan-e-Iqbal Town,Karachi,3,For Rent,3,6.4
1048,Flat,8500000,G-11,Islamabad,3,For Sale,3,4.9
1049,Flat,2997000,B-17,Islamabad,2,For Sale,2,3.0
1050,House,28000000,Bahria Town,Islamabad,6,For Sale,5,11.0
1051,House,30000,Bahria Town Rawalpindi,Rawalpindi,3,For Rent,3,5.0
1052,House,38000,Bahria Town Rawalpindi,Rawalpindi,3,For Rent,3,8.0
1053,Lower Portion,25000,Bahria Town Rawalpindi,Rawalpindi,3,For Rent,3,10.0
1054,House,40000,Bahria Town Rawalpindi,Rawalpindi,2,For Rent,2,5.0
1055,Flat,45000,Bahria Town Rawalpindi,Rawalpindi,2,For Rent,2,4.4
1056,House,23000,Bahria Town Rawalpindi,Rawalpindi,2,For Rent,2,5.0
1057,Flat,18000,Bahria Town Rawalpindi,Rawalpindi,1,For Rent,1,2.9
1058,House,32000,Bahria Town Rawalpindi,Rawalpindi,3,For Rent,3,5.0
1059,House,37000,Bahria Town Rawalpindi,Rawalpindi,3,For Rent,3,8.0
1060,Flat,80000,Bahria Town Rawalpindi,Rawalpindi,3,For Rent,2,6.2
1061,Flat,20000,Bahria Town Rawalpindi,Rawalpindi,1,For Rent,1,2.7
1062,House,23000,Bahria Town Rawalpindi,Rawalpindi,2,For Rent,2,5.0
1064,Lower Portion,25000,Bahria Town Rawalpindi,Rawalpindi,3,For Rent,3,10.0
1065,House,35000,Bahria Town Rawalpindi,Rawalpindi,3,For Rent,3,8.0
1066,House,75000,Bahria Town Rawalpindi,Rawalpindi,3,For Rent,3,8.0
1067,House,30000,Bahria Town Rawalpindi,Rawalpindi,3,For Rent,3,5.0
1068,House,45000,Bahria Town Rawalpindi,Rawalpindi,4,For Rent,4,7.0
1069,Flat,40000,Bahria Town Rawalpindi,Rawalpindi,2,For Rent,2,4.9
1070,Upper Portion,38000,Satellite Town,Rawalpindi,3,For Rent,3,7.0
1071,Flat,30000,Bahria Town Rawalpindi,Rawalpindi,1,For Rent,1,3.1
1072,House,30000,Bahria Town Rawalpindi,Rawalpindi,3,For Rent,3,5.0
1073,House,23000,Bahria Town Rawalpindi,Rawalpindi,2,For Rent,2,5.0
1074,Lower Portion,35000,Bahria Town Rawalpindi,Rawalpindi,6,For Rent,6,7.0
1075,House,38000,Bahria Town Rawalpindi,Rawalpindi,3,For Rent,3,8.0
1077,House,23000,Bahria Town Rawalpindi,Rawalpindi,2,For Rent,2,5.0
1078,House,36000,Bahria Town Rawalpindi,Rawalpindi,3,For Rent,3,8.0
1080,Flat,35000,Bahria Town Rawalpindi,Rawalpindi,1,For Rent,1,3.1
1081,House,21000000,DHA Defence,Lahore,5,For Sale,4,10.0
1082,House,10500000,Paragon City,Lahore,3,For Sale,3,5.0
1088,Flat,13500000,Askari,Lahore,3,For Sale,3,11.4
1089,Flat,13700000,Askari,Lahore,3,For Sale,3,11.4
1090,Flat,5000000,Bahria Town,Lahore,1,For Sale,1,2.2
1091,House,14500000,Valencia Housing Society,Lahore,2,For Sale,3,10.0
1092,House,9000000,Palm Villas,Lahore,4,For Sale,3,5.0
1093,House,9500000,Islampura,Lahore,4,For Sale,4,3.5
1094,House,37000000,Bahria Town,Lahore,5,For Sale,4,24.0
1096,House,8500000,Mansoorah,Lahore,4,For Sale,4,5.0
1097,House,18000000,Punjab Govt Employees Society,Lahore,7,For Sale,6,11.0
1098,House,37000000,Bahria Town,Lahore,4,For Sale,5,20.0
1099,House,9000000,Marghzar Officers Colony,Lahore,3,For Sale,3,5.0
1100,House,22500000,Wapda Town,Lahore,6,For Sale,5,10.0
1102,House,6500000,Mughalpura,Lahore,3,For Sale,5,4.0
1104,House,30000000,DHA Defence,Lahore,6,For Sale,5,10.0
1105,House,3800000,Saggian,Lahore,1,For Sale,2,5.0
1106,House,21500000,Mustafa Town,Lahore,3,For Sale,3,10.0
1107,House,16200000,Wapda Town,Lahore,3,For Sale,2,10.0
1109,House,14500000,Model Colony,Lahore,4,For Sale,5,6.0
1110,House,17500000,Allama Iqbal Town,Lahore,5,For Sale,5,6.5
1111,House,3900000,Shoukat Town,Lahore,2,For Sale,3,2.0
1113,House,8800000,Al Hamra Town,Lahore,4,For Sale,2,5.0
1115,House,39000000,Askari,Lahore,7,For Sale,6,20.0
1116,House,26000000,Askari,Lahore,4,For Sale,4,12.0
1117,House,12500000,Pak Arab Housing Society,Lahore,4,For Sale,4,5.0
1118,House,21500000,DHA Defence,Lahore,5,For Sale,4,7.0
1119,House,32500000,DHA Defence,Lahore,5,For Sale,5,20.0
1120,House,12500000,Faisal Town,Lahore,4,For Sale,4,7.0
1121,House,35500000,Askari,Lahore,5,For Sale,4,17.0
1122,House,12500000,Badami Bagh,Lahore,3,For Sale,4,7.0
1125,House,9000000,Gulistan Colony,Lahore,5,For Sale,6,6.0
1126,House,19500000,Bahria Town,Lahore,7,For Sale,5,10.0
1127,House,19000000,Allama Iqbal Town,Lahore,7,For Sale,5,10.0
1129,House,23000000,DHA Defence,Lahore,5,For Sale,4,10.0
1130,House,29000000,DHA Defence,Lahore,5,For Sale,4,10.0
1131,House,4950000,Lahore Motorway City,Lahore,3,For Sale,3,5.0
1132,House,16000000,OPF Housing Scheme,Lahore,7,For Sale,6,9.0
1134,House,41000000,DHA Defence,Lahore,5,For Sale,5,20.0
1136,House,35000000,Garden Town,Lahore,4,For Sale,5,15.0
1137,House,9000000,Ferozepur Road,Lahore,5,For Sale,6,6.0
1138,House,11500000,Pak Arab Housing Society,Lahore,2,For Sale,4,5.0
1139,House,13500000,Cantt,Lahore,4,For Sale,3,5.0
1140,House,12000000,Township,Lahore,3,For Sale,5,5.0
1141,House,6500000,Babu Sabu,Lahore,4,For Sale,5,5.0
1143,House,4500000,Al Kareem Garden,Lahore,4,For Sale,2,3.0
1144,House,9200000,Eden,Lahore,4,For Sale,4,5.0
1145,House,18000000,Bahria Town,Lahore,6,For Sale,5,10.0
1146,House,20000000,Township,Lahore,5,For Sale,5,10.0
1147,House,8000000,Military Accounts Housing Society,Lahore,4,For Sale,3,4.0
1148,House,16500000,Nawab Town,Lahore,4,For Sale,5,10.0
1149,Flat,20500000,Clifton,Karachi,2,For Sale,2,5.9
1150,Flat,27000000,Clifton,Karachi,3,For Sale,3,8.7
1151,Flat,27000000,DHA Defence,Karachi,1,For Sale,1,5.8
1154,Flat,37000000,DHA Defence,Karachi,3,For Sale,2,9.1
1156,Flat,37000000,DHA Defence,Karachi,3,For Sale,2,9.1
1169,Flat,10300000,DHA Defence,Karachi,2,For Sale,2,4.7
1170,Flat,14000000,DHA Defence,Karachi,3,For Sale,3,6.5
1171,Flat,10300000,DHA Defence,Karachi,2,For Sale,2,4.7
1172,Flat,14000000,DHA Defence,Karachi,3,For Sale,3,6.5
1175,Flat,4666000,Fazaia Housing Scheme,Karachi,2,For Sale,2,5.8
1178,Upper Portion,14500000,Gulistan-e-Jauhar,Karachi,4,For Sale,3,12.0
1181,House,9205000,Northern Bypass,Karachi,4,For Sale,3,11.0
1182,House,12500000,Fazaia Housing Scheme,Karachi,5,For Sale,4,11.0
1183,Penthouse,12300000,Northern Bypass,Karachi,4,For Sale,3,10.4
1184,Penthouse,18700000,Northern Bypass,Karachi,5,For Sale,4,15.9
1185,Penthouse,26500000,Northern Bypass,Karachi,6,For Sale,5,22.0
1186,House,7500000,Chapal Uptown,Karachi,3,For Sale,3,4.8
1187,Flat,6422000,Northern Bypass,Karachi,3,For Sale,2,6.3
1188,Flat,9743000,Northern Bypass,Karachi,4,For Sale,3,9.6
1189,House,12500000,Northern Bypass,Karachi,5,For Sale,4,11.0
1191,Flat,4800000,Gulshan-e-Iqbal Town,Karachi,2,For Sale,2,4.2
1192,House,14500000,Bahria Town Karachi,Karachi,3,For Sale,3,14.0
1195,Upper Portion,9500000,Nazimabad,Karachi,3,For Sale,3,8.6
1196,House,10000000,Gadap Town,Karachi,3,For Sale,3,4.8
1198,Flat,4666000,Fazaia Housing Scheme,Karachi,3,For Sale,2,5.8
1199,Flat,10100000,Fazaia Housing Scheme,Karachi,5,For Sale,4,12.5
1200,Flat,4090000,Fazaia Housing Scheme,Karachi,2,For Sale,2,5.7
1201,Flat,4797000,Fazaia Housing Scheme,Karachi,4,For Sale,3,6.7
1202,Flat,5136000,Northern Bypass,Karachi,4,For Sale,3,7.1
1203,House,6642000,Northern Bypass,Karachi,3,For Sale,3,5.0
1204,House,9205000,Northern Bypass,Karachi,4,For Sale,3,11.0
1205,House,12500000,Fazaia Housing Scheme,Karachi,5,For Sale,4,11.0
1207,House,16500000,Gulistan-e-Jauhar,Karachi,4,For Sale,4,4.8
1209,Flat,2120000,Gadap Town,Karachi,1,For Sale,2,8.1
1210,House,8500000,I-14,Islamabad,3,For Sale,4,3.0
1211,House,22000000,DHA Defence,Islamabad,4,For Sale,6,10.0
1212,Flat,9500000,D-17,Islamabad,3,For Sale,3,7.1
1213,Flat,45000,E-11,Islamabad,2,For Rent,2,5.6
1214,Lower Portion,65000,I-8,Islamabad,4,For Rent,3,12.4
1215,House,180000,E-11,Islamabad,6,For Rent,6,20.0
1216,House,100000,DHA Defence,Islamabad,5,For Rent,5,20.0
1217,House,120000,DHA Defence,Islamabad,6,For Rent,5,20.0
1218,House,100000,DHA Defence,Islamabad,6,For Rent,5,20.0
1220,House,90000,Bahria Town,Islamabad,6,For Rent,5,12.0
1221,House,50000,Bahria Town,Islamabad,6,For Rent,3,5.0
1222,House,4200000,Tarlai,Islamabad,3,For Sale,5,4.0
1223,House,35000000,G-13,Islamabad,6,For Sale,6,10.9
1224,House,14000000,PWD Housing Scheme,Islamabad,4,For Sale,4,6.7
1225,House,4300000,Simly Dam Road,Islamabad,3,For Sale,2,5.0
1230,House,16500000,I-9,Islamabad,4,For Sale,5,6.0
1232,House,4500000,Burma Town,Islamabad,3,For Sale,2,4.0
1233,Flat,6500000,DHA Defence,Islamabad,2,For Sale,2,6.3
1234,House,40000000,Emaar Canyon Views,Islamabad,6,For Sale,5,20.0
1236,House,40000000,PWD Housing Scheme,Islamabad,6,For Sale,6,20.0
1237,House,4700000,Lehtarar Road,Islamabad,5,For Sale,5,5.0
1239,House,14000000,F-17,Islamabad,6,For Sale,4,7.0
1241,House,22500000,Bani Gala,Islamabad,4,For Sale,3,19.0
1242,House,2300000,Burma Town,Islamabad,3,For Sale,4,3.0
1243,Flat,8800000,Bahria Town,Islamabad,2,For Sale,2,6.1
1244,House,30000000,National Police Foundation O-9,Islamabad,7,For Sale,4,20.0
1246,House,4800000,Islamabad Highway,Islamabad,2,For Sale,2,4.0
1252,House,5200000,Ghauri Town,Islamabad,4,For Sale,3,3.0
1254,House,12500000,Bani Gala,Islamabad,4,For Sale,4,10.0
1257,Flat,10000000,The Springs,Islamabad,2,For Sale,2,5.8
1259,House,21000000,G-10,Islamabad,5,For Sale,4,5.0
1260,House,13500000,Bahria Town,Islamabad,4,For Sale,3,5.0
1261,Flat,3300000,Soan Garden,Islamabad,2,For Sale,2,3.3
1263,House,2700000,Jhang Syedan,Islamabad,3,For Sale,2,4.0
1266,House,12500000,Korang Town,Islamabad,5,For Sale,4,5.0
1267,Flat,11500000,DHA Defence,Islamabad,4,For Sale,3,13.0
1268,House,17500000,G-15,Islamabad,3,For Sale,2,8.0
1269,House,16900000,G-10,Islamabad,4,For Sale,3,6.0
1270,House,22000000,DHA Defence,Islamabad,5,For Sale,6,10.0
1271,House,21900000,DHA Defence,Islamabad,5,For Sale,6,10.0
1272,House,22000000,DHA Defence,Islamabad,5,For Sale,5,10.0
1273,Flat,7800000,Gulberg,Islamabad,2,For Sale,3,4.9
1274,Flat,3900000,G-13,Islamabad,2,For Sale,1,4.2
1275,House,3000000,Bhara kahu,Islamabad,2,For Sale,2,4.0
1276,House,5200000,Ghauri Town,Islamabad,3,For Sale,2,4.0
1277,House,14000000,D-17,Islamabad,5,For Sale,5,7.0
1278,House,3500000,Ghauri Town,Islamabad,2,For Sale,3,5.0
1281,House,2600000,Arsalan Town,Islamabad,1,For Sale,2,4.0
1282,House,9700000,Kashmir Highway,Islamabad,6,For Sale,4,5.5
1283,House,5000000,Usman Town,Faisalabad,2,For Sale,3,3.0
1284,House,14500000,Satiana Road,Faisalabad,6,For Sale,4,10.0
1285,House,6500000,Zulfiqar Colony,Faisalabad,2,For Sale,3,5.0
1286,House,15500000,Bahria Town Rawalpindi,Rawalpindi,6,For Sale,5,10.0
1289,House,37500000,Bahria Town Rawalpindi,Rawalpindi,6,For Sale,6,20.0
1290,Flat,7500000,Bahria Town Rawalpindi,Rawalpindi,3,For Sale,3,4.7
1291,Flat,6000000,Bahria Town Rawalpindi,Rawalpindi,2,For Sale,2,4.0
1292,Flat,3800000,Bahria Town Rawalpindi,Rawalpindi,1,For Sale,1,2.9
1293,Flat,2700000,Bahria Town Rawalpindi,Rawalpindi,1,For Sale,1,1.8
1294,House,12500000,Bahria Town Rawalpindi,Rawalpindi,5,For Sale,5,7.0
1295,House,35000000,Westridge,Rawalpindi,6,For Sale,6,11.0
1297,House,18000000,Bahria Town Rawalpindi,Rawalpindi,6,For Sale,5,10.0
1298,House,9000000,Gulistan Colony,Rawalpindi,5,For Sale,6,7.6
1299,House,5800000,Adiala Road,Rawalpindi,4,For Sale,4,5.0
1300,House,9700000,Airport Housing Society,Rawalpindi,7,For Sale,5,6.7
1301,House,17500000,Askari 14,Rawalpindi,3,For Sale,3,10.0
1303,House,22500000,Bahria Town Rawalpindi,Rawalpindi,6,For Sale,5,10.0
1304,House,42500000,Satellite Town,Rawalpindi,5,For Sale,5,6.0
1305,House,11000000,Gulraiz Housing Scheme,Rawalpindi,4,For Sale,4,6.5
1306,House,32500000,Satellite Town,Rawalpindi,2,For Sale,4,11.5
1308,Flat,20000,Bahria Town Rawalpindi,Rawalpindi,1,For Rent,1,3.3
1309,Flat,50000,Bahria Town Rawalpindi,Rawalpindi,1,For Rent,1,3.6
1310,House,38000,Bahria Town Rawalpindi,Rawalpindi,3,For Rent,3,8.0
1311,Flat,45000,Bahria Town Rawalpindi,Rawalpindi,1,For Rent,1,2.9
1312,Upper Portion,75000,Westridge,Rawalpindi,4,For Rent,4,20.0
1313,Lower Portion,85000,Westridge,Rawalpindi,3,For Rent,3,20.0
1315,House,9000000,Cantt,Lahore,5,For Sale,6,6.0
1316,House,12500000,Johar Town,Lahore,6,For Sale,5,5.0
1317,House,6900000,Punjab Small Industries Colony,Lahore,4,For Sale,3,3.5
1318,House,3500000,Shalimar Link Road,Lahore,2,For Sale,3,2.0
1319,Flat,2000000,Airline Housing Society,Lahore,1,For Sale,1,2.4
1321,House,4700000,Airport Road,Lahore,2,For Sale,4,2.5
1322,House,21000000,Bahria Town,Lahore,6,For Sale,5,10.0
1324,Flat,11700000,Askari,Lahore,3,For Sale,3,10.0
1325,House,6000000,Kamahan Road,Lahore,4,For Sale,6,5.0
1326,House,20500000,DHA Defence,Lahore,4,For Sale,3,10.0
1327,House,12000000,Paragon City,Lahore,4,For Sale,3,5.0
1328,House,37000000,Bahria Town,Lahore,5,For Sale,4,24.0
1329,House,4600000,Mehmood Booti,Lahore,2,For Sale,4,5.0
1332,House,32500000,Gulberg,Lahore,4,For Sale,4,14.0
1337,House,9000000,Kot Lakhpat,Lahore,3,For Sale,5,4.0
1338,House,13500000,Pakki Thatti,Lahore,2,For Sale,5,8.0
1341,House,2300000,Chungi Amar Sadhu,Lahore,2,For Sale,2,1.5
1342,House,8000000,Canal View,Lahore,3,For Sale,4,6.0
1344,House,19800000,Bahria Town,Lahore,7,For Sale,5,10.0
1345,House,12500000,Al-Hafiz Town,Lahore,6,For Sale,5,5.0
1346,House,37000000,Cantt,Lahore,4,For Sale,3,14.0
1348,House,9800000,Sabzazar Scheme,Lahore,3,For Sale,5,5.0
1350,House,36500000,DHA Defence,Lahore,5,For Sale,5,20.0
1351,House,8900000,Cantt,Lahore,2,For Sale,2,5.2
1352,House,10500000,Gulshan-e-Lahore,Lahore,4,For Sale,3,5.0
1354,House,15000000,Johar Town,Lahore,5,For Sale,5,5.0
1355,House,8700000,Qadri Colony,Lahore,3,For Sale,5,5.0
1356,House,9500000,Township,Lahore,3,For Sale,3,4.5
1359,House,9500000,Township,Lahore,3,For Sale,3,4.5
1360,House,24500000,Tariq Gardens,Lahore,5,For Sale,5,10.0
1361,House,6000000,Hameedpura,Lahore,3,For Sale,3,4.0
1362,House,18000000,Johar Town,Lahore,4,For Sale,4,7.5
1363,House,9000000,Empress Road,Lahore,3,For Sale,2,6.0
1364,House,9500000,Johar Town,Lahore,3,For Sale,3,4.0
1365,House,12500000,Khayaban-e-Jinnah Road,Lahore,3,For Sale,2,10.0
1366,House,9900000,Al Faisal Town,Lahore,5,For Sale,5,6.0
1367,House,3200000,Ahmad Housing Society,Lahore,3,For Sale,6,3.0
1368,House,7200000,Jallo Park Road,Lahore,6,For Sale,6,7.0
1369,House,37500000,DHA Defence,Lahore,7,For Sale,6,20.0
1370,House,4000000,Green Cap Housing Society,Lahore,3,For Sale,3,4.0
1371,House,5000000,Bismillah Housing Scheme,Lahore,2,For Sale,2,3.0
1372,House,12000000,Fateh Garh,Lahore,4,For Sale,4,5.2
1373,House,12500000,Mustafa Town,Lahore,5,For Sale,3,5.0
1374,House,22000000,DHA Defence,Lahore,5,For Sale,4,10.0
1379,House,21500000,PCSIR Housing Scheme,Lahore,4,For Sale,5,10.0
1380,House,13800000,Military Accounts Housing Society,Lahore,6,For Sale,5,8.0
1381,House,5000000,Walton Road,Lahore,2,For Sale,2,2.5
1382,House,7500000,GT Road,Lahore,5,For Sale,4,3.5
1387,House,10000000,Jubilee Town,Lahore,5,For Sale,4,5.0
1388,House,9150000,Park View Villas,Lahore,3,For Sale,4,5.0
1389,House,7500000,T & T Aabpara Housing Society,Lahore,3,For Sale,3,4.0
1391,Flat,2500000,Eden,Lahore,2,For Sale,2,3.0
1392,House,12000000,Cantt,Lahore,5,For Sale,4,4.0
1394,House,10000000,Sant Nagar,Lahore,4,For Sale,3,4.0
1395,House,4700000,Ferozepur Road,Lahore,3,For Sale,2,3.0
1396,House,5200000,Al Rehman Garden,Lahore,5,For Sale,3,3.0
1397,House,19500000,Township,Lahore,4,For Sale,5,10.0
1398,House,21800000,Askari,Lahore,5,For Sale,4,10.0
1399,House,15000000,Samanabad,Lahore,4,For Sale,5,10.0
1400,House,5500000,Harbanspura,Lahore,1,For Sale,2,3.0
1401,House,7500000,Johar Town,Lahore,3,For Sale,3,12.0
1402,House,11500000,Bahria Town,Lahore,3,For Sale,3,5.0
1403,House,25500000,Bahria Town,Lahore,7,For Sale,6,10.0
1404,House,8500000,Township,Lahore,4,For Sale,5,5.0
1405,House,30000000,Allama Iqbal Town,Lahore,6,For Sale,5,10.0
1406,House,18000000,Lalazar,Lahore,5,For Sale,4,9.0
1408,House,12000000,Cantt,Lahore,4,For Sale,3,5.0
1409,House,12500000,Johar Town,Lahore,3,For Sale,3,5.0
1410,Flat,5000000,Bahria Town,Lahore,1,For Sale,1,2.8
1412,House,5000000,Gulshan-e-Rafique,Faisalabad,5,For Sale,5,3.0
1413,House,6800000,Rachna Town,Faisalabad,3,For Sale,2,5.0
1414,House,10500000,Eden Valley,Faisalabad,4,For Sale,3,5.0
1415,House,8000000,Ghalib City,Faisalabad,4,For Sale,4,5.0
1416,House,6500000,Sargodha Road,Faisalabad,4,For Sale,4,3.5
1417,House,7200000,Samundari Road,Faisalabad,6,For Sale,3,5.0
1418,House,14000000,Satiana Road,Faisalabad,5,For Sale,4,10.0
1419,House,4000000,Jaranwala,Faisalabad,2,For Sale,3,5.0
1420,Flat,2600000,Bahria Town Rawalpindi,Rawalpindi,2,For Sale,2,3.0
1422,House,22500000,Bahria Town Rawalpindi,Rawalpindi,4,For Sale,4,16.0
1424,Flat,135000,Clifton,Karachi,3,For Rent,3,10.7
1428,Lower Portion,15000000,Baloch Colony,Karachi,2,For Sale,2,8.0
1429,Flat,8500000,Federal B Area,Karachi,3,For Sale,3,6.0
1430,Flat,12000000,DHA Defence,Karachi,3,For Sale,3,4.7
1433,House,10000000,Bahria Town Karachi,Karachi,3,For Sale,3,6.0
1435,House,12000000,Gadap Town,Karachi,3,For Sale,3,9.6
1437,House,20000000,Scheme 33,Karachi,3,For Sale,3,8.0
1438,House,32500000,DHA Defence,Karachi,5,For Sale,4,4.0
1439,Flat,4000000,North Karachi,Karachi,2,For Sale,3,3.2
1441,House,13500000,Manzoor Colony,Karachi,6,For Sale,6,4.8
1443,House,4000000,Gadap Town,Karachi,3,For Sale,3,3.4
1444,House,14000000,North Karachi,Karachi,6,For Sale,6,5.0
1445,House,9800000,Anda Mor Road,Karachi,3,For Sale,2,4.8
1446,Lower Portion,8500000,Cantt,Karachi,2,For Sale,3,4.8
1449,Penthouse,11800000,Delhi Colony,Karachi,3,For Sale,3,8.0
1450,House,3500000,Gadap Town,Karachi,3,For Sale,3,4.8
1451,House,38500000,North Nazimabad,Karachi,3,For Sale,3,16.0
1453,House,12000000,Airport,Karachi,4,For Sale,6,4.8
1454,Flat,6850000,Gadap Town,Karachi,3,For Sale,3,6.2
1456,Flat,5200000,Gulshan-e-Iqbal Town,Karachi,3,For Sale,3,5.3
1459,Flat,7500000,Gulshan-e-Iqbal Town,Karachi,3,For Sale,3,5.4
1460,Flat,6000000,North Nazimabad,Karachi,2,For Sale,2,4.0
1462,Flat,4000000,Gizri,Karachi,2,For Sale,3,7.1
1463,Flat,10000000,Gulistan-e-Jauhar,Karachi,3,For Sale,3,6.0
1464,Flat,2100000,Gulshan-e-Iqbal Town,Karachi,1,For Sale,2,2.0
1465,Flat,3800000,Bahria Town Karachi,Karachi,2,For Sale,2,4.2
1467,Flat,2700000,Anda Mor Road,Karachi,2,For Sale,2,3.6
1468,Lower Portion,2000000,Federal B Area,Karachi,1,For Sale,2,1.8
1469,Flat,30000000,Cantt,Karachi,3,For Sale,3,10.0
1471,Flat,26000000,Clifton,Karachi,3,For Sale,3,8.2
1472,House,10000000,Liaquatabad,Karachi,1,For Sale,3,3.6
1474,Flat,7000000,Gulshan-e-Iqbal Town,Karachi,3,For Sale,3,5.3
1476,Flat,2700000,Delhi Colony,Karachi,2,For Sale,3,3.2
1477,Flat,12500000,Jinnah Avenue,Karachi,3,For Sale,3,8.3
1479,House,23000000,Gulistan-e-Jauhar,Karachi,3,For Sale,3,8.0
1483,Flat,9300000,Gulistan-e-Jauhar,Karachi,4,For Sale,4,8.9
1484,Flat,6500000,Gulistan-e-Jauhar,Karachi,3,For Sale,3,6.0
1486,Flat,6000000,Federal B Area,Karachi,2,For Sale,3,4.5
1488,Lower Portion,45000,F-11,Islamabad,2,For Rent,2,9.3
1490,Flat,60000,F-11,Islamabad,2,For Rent,2,5.9
1491,Flat,130000,F-10,Islamabad,3,For Rent,3,9.3
1492,Flat,66000,E-11,Islamabad,3,For Rent,3,8.0
1493,Flat,190000,F-11,Islamabad,4,For Rent,4,17.3
1494,Flat,1800000,Islamabad Highway,Islamabad,1,For Sale,1,1.6
